{"Acciaiuoli": 0.5389965007326869, "Medici": 0.5389965007326869, "Castellani": 0.3364722366212129, "Peruzzi": 0.3364722366212129, "Strozzi": 0.587786664902119, "Barbadori": 1.0296194171811581, "Ridolfi": 0.7621400520468967, "Tornabuoni": 0.7621400520468967, "Albizzi": 0.3101549283038396, "Salviati": 0.40546510810816444, "Pazzi": -0.0, "Bischeri": 0.8754687373538999, "Guadagni": 0.3101549283038396, "Ginori": 0.3101549283038396, "Lamberteschi": 0.3101549283038396}