{"0": 0.6190392084062235, "1": 0.496436886313891, "2": 0.7949298748698876, "3": 0.496436886313891, "4": 1.2809338454620642, "5": 1.2809338454620642, "6": 1.2809338454620642, "7": 0.45198512374305727, "8": 0.5819215454497209, "9": 0.8574502318512216, "10": 1.2809338454620642, "11": 0.6190392084062235, "12": 0.6190392084062235, "13": 0.7949298748698876, "14": 0.2744368457017603, "15": 0.2744368457017603, "16": 0.1823215567939546, "17": 0.6190392084062235, "18": 0.2744368457017603, "19": 0.7949298748698876, "20": 0.2744368457017603, "21": 0.6190392084062235, "22": 0.2744368457017603, "23": 1.252762968495368, "24": 0.916290731874155, "25": 0.916290731874155, "26": 0.2336148511815052, "27": 1.4271163556401458, "28": 1.8325814637483102, "29": 0.2744368457017603, "30": 0.5520685823000397, "31": 0.5596157879354228, "32": 0.2744368457017603, "33": 0.2336148511815052}