{"Napoleon": 0.3184537311185346, "Myriel": 0.3184537311185346, "MlleBaptistine": 1.4816045409242156, "MmeMagloire": 1.4816045409242156, "CountessDeLo": 0.3184537311185346, "Geborand": 0.3184537311185346, "Champtercier": 0.3184537311185346, "Cravatte": 0.3184537311185346, "Count": 0.3184537311185346, "OldMan": 0.3184537311185346, "Valjean": 1.181993897607161, "Labarre": 1.181993897607161, "Marguerite": 2.4203681286504293, "MmeDeR": 1.181993897607161, "Isabeau": 1.181993897607161, "Gervais": 1.181993897607161, "Listolier": 0.49247648509779407, "Tholomyes": 1.157452788691043, "Fameuil": 0.49247648509779407, "Blacheville": 0.49247648509779407, "Favourite": 0.49247648509779407, "Dahlia": 0.49247648509779407, "Zephine": 0.49247648509779407, "Fantine": 1.3862943611198906, "MmeThenardier": 1.4240346891027378, "Thenardier": 1.4816045409242156, "Cosette": 0.7198154276421066, "Javert": 0.7328875092094594, "Fauchelevent": 0.5108256237659907, "Bamatabois": 0.40546510810816444, "Perpetue": 0.40546510810816444, "Simplice": 0.916290731874155, "Scaufflaire": 1.181993897607161, "Woman1": 0.706570200892086, "Judge": 0.15415067982725836, "Champmathieu": 0.15415067982725836, "Brevet": 0.15415067982725836, "Chenildieu": 0.15415067982725836, "Cochepaille": 0.15415067982725836, "Pontmercy": 0.6931471805599453, "Boulatruelle": 1.4816045409242156, "Eponine": 1.65455834771457, "Anzelma": 1.6397432619294292, "Woman2": 0.706570200892086, "MotherInnocent": 2.538973871058276, "Gribier": 0.5108256237659907, "MmeBurgon": 0.40546510810816444, "Jondrette": -0.0, "Gavroche": 2.4423470353692043, "Gillenormand": 1.8523840910444898, "Magnon": 2.031432322493475, "MlleGillenormand": 1.8523840910444898, "MmePontmercy": 0.40546510810816444, "MlleVaubois": 1.8523840910444898, "LtGillenormand": 1.2163953243244932, "Marius": 2.12525107771113, "BaronessT": 2.12525107771113, "Mabeuf": 1.2750687260096663, "Enjolras": 1.3993664426872434, "Combeferre": 1.2750687260096663, "Prouvaire": 1.133098464739279, "Feuilly": 1.2750687260096663, "Courfeyrac": 1.2750687260096663, "Bahorel": 1.2750687260096663, "Bossuet": 1.3993664426872434, "Joly": 1.2750687260096663, "Grantaire": 1.133098464739279, "MotherPlutarch": 1.2750687260096663, "Gueulemer": 1.4423838277709342, "Babet": 1.4423838277709342, "Claquesous": 1.3862943611198906, "Montparnasse": 1.7788560643921472, "Toussaint": 0.706570200892086, "Child1": 0.40546510810816444, "Child2": 0.40546510810816444, "Brujon": 1.65455834771457, "MmeHucheloup": 1.133098464739279}